1,
2,
3,
4,
5,
6,
7,
8,
9,
10,
11,
12,
13,
14,
15,
16,
17,
18,
19,
20,
21,
22,
23,
24,
25,1
26,
27,
28,
29,
30,1
31,
32,
33,
34,
35,
36,
37,1
38,
39,
40,
41,
42,
43,
44,
45,
46,
47,
48,
49,
50,
51,
52,
53,
54,
55,
56,
57,
58,
59,
60,
61,
62,
63,1
64,
65,
66,
67,
68,
69,
70,
71,1
72,
73,
74,
75,
76,
77,
78,
79,1
80,
81,
82,
83,
84,
85,
86,
87,1
88,
89,1
90,1
91,
92,
93,
94,
95,
96,
97,
98,
99,
100,
101,
102,1
103,
104,
105,
106,
107,
108,
109,1
110,1
111,
112,1
113,
114,
115,
116,
117,
118,
119,
120,
121,
122,1
123,
124,1
125,
126,
127,
128,
129,
130,
131,
132,
133,
134,
135,
136,
137,
138,
139,
140,
141,1
142,
143,
144,
145,
146,1
147,1
148,
149,
150,
151,1
152,
153,1
154,
155,
156,
157,
158,
159,1
160,
161,
162,
163,
164,
165,1
166,
167,1
168,
169,
170,
171,
172,
173,1
174,
175,
176,
177,
178,
179,1
180,1
181,
182,
183,
184,
185,1
186,
187,1
188,1
189,1
190,
191,1
192,1
193,
194,
195,1
196,1
197,1
198,
199,
200,
201,
202,
203,1
204,1
205,
206,
207,1
208,
209,1
210,
211,
212,
213,1
214,
215,
216,1
217,
218,
219,
220,
221,
222,1
223,
224,
225,
226,
227,1
228,
229,
230,1
231,
232,
233,
234,1
235,
236,1
237,
238,
239,
240,1
241,
242,1
243,
244,
245,1
246,
247,
248,
249,1
250,
251,
252,
253,
254,
255,1
256,
257,
258,
259,1
260,
261,1
262,
263,1
264,
265,1
266,
267,
268,
269,
270,
271,
272,1
273,
274,
275,1
276,1
277,
278,
279,
280,
281,1
282,1
283,
284,
285,
286,1
287,
288,1
289,
290,
291,1
292,
293,
294,1
295,
296,1
297,1
298,1
299,1
300,
301,1
302,1
303,1
304,
305,1
306,
307,
308,
309,
310,1
311,
312,1
313,
314,
315,
316,
317,
318,
319,
320,1
321,1
322,1
323,
324,
325,
326,1
327,
328,
329,
330,
331,
332,
333,1
334,
335,1
336,
337,
338,
339,
340,1
341,1
342,1
343,1
344,1
345,
346,1
347,
348,1
349,1
350,1
351,
352,1
353,1
354,
355,
356,
357,1
358,
359,1
360,1
361,
362,
363,
364,1
365,
366,
367,1
368,1
369,1
370,1
371,
372,
373,
374,
375,
376,1
377,
378,
379,
380,1
381,
382,
383,
384,
385,
386,
387,
388,1
389,1
390,ã€€
391,
392,
393,
394,
395,
396,
397,
398,
399,
400,1
401,
402,
403,1
404,1
405,1
406,
407,1
408,1
409,1
410,1
411,
412,
413,
414,
415,
416,
417,
418,
419,1
420,
421,1
422,1
423,
424,
425,1
426,
427,
428,
429,
430,
431,1
432,1
433,1
434,1
435,1
436,1
437,
438,
439,
440,
441,1
442,
443,
444,1
445,
446,1
447,1
448,1
449,1
450,
451,1
452,
453,
454,
455,1
456,1
457,
458,
459,
460,
461,1
462,1
463,
464,1
465,1
466,
467,1
468,1
469,
470,
471,
472,
473,
474,
475,1
476,1
477,
478,
479,1
480,
481,
482,
483,
484,1
485,
486,
487,1
488,
489,
490,1
491,
492,1
493,
494,1
495,
496,
497,
498,
499,
500,
501,1
502,1
503,1
504,1
505,1
506,1
507,1
508,
509,
510,1
511,
512,
513,
514,1
515,
516,
517,
518,
519,
520,
521,
522,1
523,1
524,
525,
526,
527,1
528,
529,1
530,
531,1
532,
533,
534,
535,
536,1
537,
538,1
539,
540,
541,1
542,
543,1
544,
545,
546,
547,1
548,
549,
550,
551,
552,
553,
554,
555,
556,
557,
558,
559,
560,
561,
562,
563,
564,
565,1
566,
567,1
568,1
569,1
570,
571,
572,
573,
574,1
575,
576,1
577,
578,1
579,
580,
581,1
582,
583,
584,
585,
586,
587,
588,
589,
590,1
591,
592,
593,1
594,
595,
596,
597,
598,1
599,
600,
601,
602,
603,
604,
605,
606,1
607,
608,
609,1
610,
611,
612,
613,1
614,
615,
616,1
617,
618,
619,
620,
621,
622,1
623,
624,1
625,
626,
627,
628,1
629,
630,1
631,
632,
633,
634,1
635,
636,
637,1
638,
639,
640,
641,
642,
643,
644,
645,
646,
647,
648,
649,
650,
651,
652,
653,
654,
655,
656,
657,
658,
659,
660,
661,
662,
663,
664,
665,1
666,
667,
668,1
669,
670,
671,
672,
673,1
674,
675,1
676,
677,
678,
679,
680,1
681,1
682,1
683,
684,
685,
686,
687,
688,
689,1
690,
691,1
692,
693,
694,
695,1
696,
697,
698,
699,
700,
701,
702,
703,1
704,
705,1
706,
707,
708,1
709,1
710,
711,
712,
713,
714,
715,
716,
717,1
718,
719,1
720,
721,
722,
723,
724,
725,
726,
727,
728,
729,
730,
731,
732,1
733,
734,
735,
736,
737,1
738,1
739,
740,1
741,
742,
743,
744,
745,
746,
747,
748,
749,
750,
751,
752,
753,1
754,
755,
756,
757,
758,
759,
760,
761,
762,
763,1
764,
765,
766,
767,
768,
769,
770,
771,
772,1
773,
774,
775,
776,1
777,
778,
779,
780,
781,1
782,
783,
784,
785,
786,
787,
788,
789,
790,
791,
792,
793,
794,
795,
796,
797,1
798,
799,1
800,
801,
802,
803,
804,
805,
806,
807,
808,
809,
810,1
811,
812,
813,
814,
815,
816,1
817,
818,
819,
820,1
821,
822,
823,
824,
825,1
826,
827,
828,1
829,
830,
831,
832,
833,
834,
835,
836,
837,
838,
839,
840,
841,
842,1
843,
844,1
845,
846,
847,
848,
849,
850,
851,
852,
853,
854,1
855,1
856,1
857,
858,
859,1
860,
861,1
862,
863,1
864,
865,1
866,
867,
868,
869,
870,
871,1
872,
873,
874,
875,1
876,1
877,1
878,
879,
880,
881,
882,
883,
884,
885,
886,
887,
888,
889,
890,
891,1
892,
893,
894,
895,
896,
897,
898,
899,
900,
901,
902,
903,
904,
905,
906,
907,
908,
909,
910,
911,
912,
913,
914,
915,
916,
917,1
918,
919,
920,
921,
922,
923,
924,
925,1
926,
927,
928,1
929,
930,
931,
932,
933,
934,
935,
936,
937,
938,
939,
940,
941,
942,
943,
944,1
945,
946,
947,
948,
949,
950,
951,
952,
953,
954,
955,
956,
957,
958,
959,
960,
961,
962,
963,
964,
965,1
966,
967,
968,
969,
970,
971,
972,
973,
974,
975,
976,
977,
978,
979,
980,
981,
982,
983,
984,
985,
986,
987,
988,
989,
990,1
991,
992,
993,
994,
995,
996,
997,
998,
999,
1000,
1001,
1002,
1003,
1004,
1005,1
1006,
1007,
1008,
1009,
1010,
1011,1
1012,
1013,1
1014,
1015,
1016,
1017,
1018,
1019,
1020,
1021,
1022,
1023,
1024,
1025,
1026,1
1027,
1028,
1029,
1030,
1031,
1032,
1033,
1034,
1035,
1036,
1037,
1038,
1039,
1040,
1041,
1042,
1043,
1044,
1045,
1046,
1047,
1048,
1049,
1050,
1051,
1052,
1053,
1054,
1055,
1056,
1057,
1058,
1059,
1060,
1061,
1062,
1063,1
1064,
1065,
1066,
1067,
1068,
1069,
1070,
1071,
1072,
1073,
1074,
1075,
1076,
1077,
1078,
1079,
1080,
1081,
1082,
1083,
1084,
1085,
1086,
1087,
1088,
1089,
1090,
1091,
1092,
1093,
1094,
1095,
1096,
1097,
1098,
1099,
1100,
1101,
1102,
1103,
1104,
1105,
1106,
1107,
1108,
1109,
1110,
1111,
1112,
1113,
1114,
1115,
1116,
1117,
1118,
1119,
1120,
1121,
1122,
1123,
1124,
1125,
1126,
1127,
1128,
1129,
1130,
1131,
1132,
1133,
1134,
1135,
1136,
1137,
1138,
1139,
1140,
1141,
1142,
1143,
1144,
1145,
1146,
1147,
1148,
1149,
1150,
1151,
1152,
1153,
1154,
1155,
1156,
1157,
1158,
1159,
1160,
1161,
1162,
1163,
1164,1
1165,
1166,1
1167,
1168,
1169,
1170,
1171,
1172,
1173,
1174,
1175,1
1176,
1177,
1178,
1179,
1180,
1181,
1182,
1183,
1184,
1185,
1186,
1187,
1188,
1189,
1190,
1191,
1192,
1193,
1194,
1195,
1196,
1197,
1198,
1199,
1200,1
1201,
1202,
1203,
1204,
1205,
1206,
1207,
1208,1
1209,
1210,
1211,
1212,
1213,1
1214,
1215,
1216,
1217,
1218,
1219,
1220,
1221,
1222,
1223,
1224,
1225,
1226,
1227,
1228,
1229,
1230,
1231,
1232,
1233,
1234,
1235,
1236,
1237,
1238,
1239,
1240,
1241,
1242,
1243,
1244,
1245,
1246,
1247,
1248,
1249,
1250,
1251,
1252,
1253,
1254,
1255,
1256,
1257,
1258,
1259,
1260,
1261,
1262,
1263,
1264,
1265,
1266,
1267,
1268,
1269,
1270,
1271,
1272,
1273,
1274,
1275,
1276,
1277,
1278,
1279,
1280,1
1281,
1282,
1283,
1284,
1285,1
1286,
1287,
1288,
1289,
1290,
1291,
1292,
1293,1
1294,
1295,
1296,
1297,
1298,
1299,
1300,
1301,
1302,
1303,
1304,
1305,
1306,
1307,
1308,
1309,
1310,
1311,
1312,
1313,
1314,
1315,
1316,
1317,
1318,1
1319,
1320,1
1321,
1322,
1323,
1324,
1325,
1326,
1327,1
1328,
1329,
1330,
1331,1
1332,
1333,
1334,
1335,
1336,
1337,
1338,
1339,
1340,
1341,
1342,
1343,
1344,
1345,
1346,
1347,
1348,
1349,
1350,
1351,
1352,
1353,
1354,
1355,
1356,
1357,
1358,
1359,
1360,
1361,
1362,
1363,
1364,1
1365,
1366,
1367,
1368,
1369,
1370,
1371,
1372,
1373,
1374,
1375,
1376,
1377,
1378,
1379,1
1380,
1381,
1382,
1383,
1384,
1385,
1386,
1387,
1388,1
1389,
1390,
1391,
1392,
1393,
1394,
1395,
1396,1
1397,
1398,
1399,
1400,
1401,
1402,
1403,
1404,
1405,
1406,
1407,
1408,
1409,
1410,
1411,
1412,
1413,
1414,
1415,
1416,
1417,
1418,
1419,
1420,
1421,
1422,
1423,
1424,
1425,
1426,
1427,
1428,
1429,
1430,
1431,
1432,
1433,
1434,
1435,
1436,
1437,
1438,
1439,
1440,
1441,
1442,
1443,
1444,
1445,
1446,
1447,
1448,
1449,
1450,
1451,
1452,
1453,
1454,
1455,
1456,
1457,
1458,
1459,
1460,
1461,
1462,
1463,
1464,
1465,1
1466,
1467,
1468,
1469,
1470,
1471,
1472,
1473,
1474,
1475,
1476,
1477,
1478,
1479,
1480,
1481,
1482,
1483,
1484,
1485,
1486,
1487,
1488,
1489,
1490,
1491,
1492,
1493,
1494,
1495,
1496,
1497,
1498,
1499,
1500,
1501,
1502,
1503,
1504,
1505,
1506,
1507,
1508,
1509,
1510,
1511,
1512,
1513,
1514,
1515,
1516,
1517,
1518,
1519,
1520,
1521,
1522,
1523,
1524,
1525,
1526,
1527,
1528,
1529,
1530,
1531,
1532,
1533,
1534,
1535,1
1536,
1537,
1538,
1539,
1540,
1541,
1542,
1543,
1544,
1545,
1546,
1547,
1548,
1549,
1550,
1551,
1552,
1553,
1554,
1555,
1556,
1557,
1558,
1559,
1560,
1561,
1562,
1563,
1564,
1565,
1566,
1567,
1568,
1569,
1570,
1571,
1572,
1573,
1574,1
1575,
1576,
1577,1
1578,
1579,
1580,
1581,
1582,
1583,
1584,
1585,1
1586,
1587,
1588,
1589,
1590,
1591,1
1592,
1593,
1594,1
1595,
1596,
1597,
1598,1
1599,
1600,
1601,
1602,1
1603,
1604,
1605,
1606,
1607,
1608,
1609,
1610,
1611,
1612,
1613,
1614,
1615,
1616,
1617,
1618,
1619,
1620,
1621,
1622,
1623,
1624,
1625,
1626,
1627,
1628,
1629,
1630,
1631,
1632,
1633,
1634,
1635,
1636,
1637,
1638,
1639,
1640,
1641,
1642,
1643,
1644,
1645,
1646,
1647,
1648,
1649,
1650,
1651,
1652,
1653,
1654,
1655,
1656,
1657,1
1658,
1659,
1660,
1661,
1662,
1663,
1664,
1665,
1666,
1667,
1668,
1669,
1670,
1671,
1672,
1673,
1674,
1675,
1676,
1677,
1678,1
1679,
1680,
1681,
1682,
1683,
1684,
1685,
1686,
1687,
1688,
1689,
1690,
1691,
1692,
1693,
1694,
1695,
1696,
1697,
1698,
1699,
1700,
1701,
1702,
1703,
1704,
1705,
1706,
1707,
1708,
1709,
1710,
1711,
1712,
1713,
1714,
1715,
1716,
1717,
1718,
1719,
1720,1
1721,
1722,
1723,
1724,
1725,
1726,
1727,
1728,
1729,
1730,
1731,
1732,
1733,
1734,
1735,
1736,1
1737,1
1738,
1739,
1740,
1741,
1742,
1743,
1744,
1745,
1746,
1747,
1748,
1749,
1750,1
1751,
1752,
1753,
1754,
1755,
1756,
1757,
1758,
1759,
1760,
1761,
1762,1
1763,
1764,
1765,
1766,
1767,
1768,
1769,
1770,
1771,
1772,
1773,
1774,
1775,
1776,
1777,
1778,
1779,
1780,
1781,
1782,
1783,
1784,
1785,
1786,
1787,
1788,1
1789,
1790,
1791,
1792,
1793,
1794,
1795,
1796,
1797,
1798,
1799,
1800,
1801,
1802,
1803,
1804,1
1805,1
1806,
1807,
1808,
1809,
1810,
1811,
1812,
1813,
1814,
1815,
1816,
1817,
1818,
1819,
1820,
1821,
1822,
1823,
1824,
1825,
1826,
1827,
1828,
1829,
1830,
1831,
1832,
1833,1
1834,
1835,1
1836,
1837,
1838,
1839,
1840,
1841,
1842,
1843,
1844,
1845,
1846,
1847,
1848,
1849,
1850,
1851,
1852,
1853,
1854,
1855,
1856,
1857,
1858,
1859,
1860,
1861,
1862,
1863,
1864,
1865,
1866,
1867,
1868,
1869,
1870,
1871,
1872,1
1873,
1874,
1875,
1876,
1877,1
1878,
1879,
1880,
1881,
1882,
1883,1
1884,
1885,
1886,
1887,
1888,
1889,
1890,
1891,
1892,
1893,
1894,
1895,
1896,
1897,
1898,
1899,
1900,
1901,
1902,
1903,
1904,
1905,
1906,
1907,
1908,
1909,
1910,
1911,
1912,
1913,
1914,
1915,
1916,
1917,
1918,
1919,
1920,
1921,
1922,
1923,
1924,
1925,
1926,
1927,
1928,
1929,
1930,
1931,
1932,
1933,
1934,
1935,
1936,
1937,
1938,
1939,
1940,1
1941,
1942,
1943,
1944,
1945,
